{
  "Faithfulness":3.2127659574,
  "Completeness":4.2978723404,
  "Robustness":4.7659574468,
  "Overall":4.0934042553
}