{
  "Faithfulness":4.7083333333,
  "Completeness":4.7916666667,
  "Robustness":4.7916666667,
  "Overall":4.7641666667
}