{
  "Faithfulness":4.5833333333,
  "Completeness":4.7916666667,
  "Robustness":4.7916666667,
  "Overall":4.7229166667
}