{
  "Faithfulness":4.4042553191,
  "Completeness":4.7659574468,
  "Robustness":4.7872340426,
  "Overall":4.6536170213
}